[
    {
    "product_id": 1,
    "client": [
    {
    "client_id": "101",
    "client_name": "Cookley",
    "client_users": 102
    },
    {
    "client_id": "102",
    "client_name": "Bigtax",
    "client_users": 51774
    },
    {
    "client_id": "103",
    "client_name": "Home Ing",
    "client_users": 4
    },
    {
    "client_id": "104",
    "client_name": "Sub-Ex",
    "client_users": 612
    }
    ],
    "product_name": "Zathin",
    "product_desc": "Cum sociis natoque penatibus et magnis dis parturient montes, nascetur ridiculus mus. Vivamus vestibulum sagittis sapien. Cum sociis natoque penatibus et magnis dis parturient montes, nascetur ridiculus mus.",
    "no_of_users": 52492,
    "country": [
    "Netherlands",
    "China",
    "Vietnam",
    "Brazil"
    ],
    "revenue": [
    {
    "product_year": 2003,
    "product_revenue": 24
    },
    {
    "product_year": 2004,
    "product_revenue": 40
    },
    {
    "product_year": 2005,
    "product_revenue": 54
    }
    ]
    },
    {
    "product_id": 2,
    "client": [
    {
    "client_id": "201",
    "client_name": "Bamity",
    "client_users": 88
    },
    {
    "client_id": "202",
    "client_name": "Hatity",
    "client_users": 980
    },
    {
    "client_id": "203",
    "client_name": "Zaam-Dox",
    "client_users": 971
    },
    {
    "client_id": "204",
    "client_name": "Cardify",
    "client_users": 7
    }
    ],
    "product_name": "Kanlam",
    "product_desc": "Lorem ipsum dolor sit amet, consectetuer adipiscing elit. Proin risus. Praesent lectus.",
    "no_of_users": 2046,
    "country": [
    "Russia",
    "Belarus",
    "United Kingdom",
    "Mali"
    ],
    "revenue": [
    {
    "product_year": 2003,
    "product_revenue": 28
    },
    {
    "product_year": 2004,
    "product_revenue": 29
    },
    {
    "product_year": 2005,
    "product_revenue": 25
    }
    ]
    },
    {
    "product_id": 3,
    "client": [
    {
    "client_id": "301",
    "client_name": "Trippledex",
    "client_users": 9239
    },
    {
    "client_id": "302",
    "client_name": "Bitchip",
    "client_users": 82
    },
    {
    "client_id": "303",
    "client_name": "Opela",
    "client_users": 2601
    },
    {
    "client_id": "304",
    "client_name": "Daltfresh",
    "client_users": 21867
    }
    ],
    "product_name": "Alphazap",
    "product_desc": "Curabitur in libero ut massa volutpat convallis. Morbi odio odio, elementum eu, interdum eu, tincidunt in, leo. Maecenas pulvinar lobortis est.",
    "no_of_users": 33789,
    "country": [
    "China",
    "Pakistan",
    "Bhutan",
    "Nepal"
    ],
    "revenue": [
    {
    "product_year": 2003,
    "product_revenue": 50
    },
    {
    "product_year": 2004,
    "product_revenue": 40
    },
    {
    "product_year": 2005,
    "product_revenue": 55
    }
    ]
    },
    {
    "product_id": 4,
    "client": [
    {
    "client_id": "401",
    "client_name": "Vagram",
    "client_users": 53
    },
    {
    "client_id": "402",
    "client_name": "Tresom",
    "client_users": 70
    },
    {
    "client_id": "403",
    "client_name": "Tempsoft",
    "client_users": 35
    },
    {
    "client_id": "404",
    "client_name": "Home Ing",
    "client_users": 65266
    }
    ],
    "product_name": "Tresom",
    "product_desc": "Cras non velit nec nisi vulputate nonummy. Maecenas tincidunt lacus at velit. Vivamus vel nulla eget eros elementum pellentesque.",
    "no_of_users": 65424,
    "country": [
    "Brazil",
    "Sweden",
    "Portugal",
    "Afghanistan"
    ],
    "revenue": [
    {
    "product_year": 2003,
    "product_revenue": 95
    },
    {
    "product_year": 2004,
    "product_revenue": 100
    },
    {
    "product_year": 2005,
    "product_revenue": 105
    }
    ]
    },
    {
    "product_id": 5,
    "client": [
    {
    "client_id": "501",
    "client_name": "Veribet",
    "client_users": 9
    },
    {
    "client_id": "502",
    "client_name": "Ventosanzap",
    "client_users": 46253
    },
    {
    "client_id": "503",
    "client_name": "Veribet",
    "client_users": 96932
    },
    {
    "client_id": "504",
    "client_name": "Y-Solowarm",
    "client_users": 5192
    }
    ],
    "product_name": "Tres-Zap",
    "product_desc": "Integer tincidunt ante vel ipsum. Praesent blandit lacinia erat. Vestibulum sed magna at nunc commodo placerat.",
    "no_of_users": 148368,
    "country": [
    "Mexico",
    "Russia",
    "China",
    "Botswana"
    ],
    "revenue": [
    {
    "product_year": 2003,
    "product_revenue": 83
    },
    {
    "product_year": 2004,
    "product_revenue": 95
    },
    {
    "product_year": 2005,
    "product_revenue": 99
    }
    ]
    },
    {
    "product_id": 6,
    "client": [
    {
    "client_id": "601",
    "client_name": "It",
    "client_users": 1
    },
    {
    "client_id": "602",
    "client_name": "Bamity",
    "client_users": 88
    },
    {
    "client_id": "603",
    "client_name": "Hatity",
    "client_users": 980
    },
    {
    "client_id": "604",
    "client_name": "Zaam-Dox",
    "client_users": 971
    }
    ],
    "product_name": "Gembucket",
    "product_desc": "Fusce posuere felis sed lacus. Morbi sem mauris, laoreet ut, rhoncus aliquet, pulvinar sed, nisl. Nunc rhoncus dui vel sem.",
    "no_of_users": 2040,
    "country": [
    "France",
    "Austria",
    "Sweden",
    "Spain"
    ],
    "revenue": [
    {
    "product_year": 2003,
    "product_revenue": 41
    },
    {
    "product_year": 2004,
    "product_revenue": 50
    },
    {
    "product_year": 2005,
    "product_revenue": 54
    }
    ]
    },
    {
    "product_id": 7,
    "client": [
    {
    "client_id": "701",
    "client_name": "Mat Lam Tam",
    "client_users": 8
    },
    {
    "client_id": "702",
    "client_name": "Flowdesk",
    "client_users": 150
    },
    {
    "client_id": "703",
    "client_name": "Bigtax",
    "client_users": 3
    },
    {
    "client_id": "704",
    "client_name": "Duobam",
    "client_users": 17
    }
    ],
    "product_name": "Tempsoft",
    "product_desc": "Vestibulum ac est lacinia nisi venenatis tristique. Fusce congue, diam id ornare imperdiet, sapien urna pretium nisl, ut volutpat sapien arcu sed augue. Aliquam erat volutpat.",
    "no_of_users": 178,
    "country": [
    "Nepal",
    "Philippines",
    "Benin",
    "Norway"
    ],
    "revenue": [
    {
    "product_year": 2003,
    "product_revenue": 33
    },
    {
    "product_year": 2004,
    "product_revenue": 44
    },
    {
    "product_year": 2005,
    "product_revenue": 55
    }
    ]
    },
    {
    "product_id": 8,
    "client": [
    {
    "client_id": "801",
    "client_name": "Konklux",
    "client_users": 25015
    },
    {
    "client_id": "802",
    "client_name": "Cardguard",
    "client_users": 80
    },
    {
    "client_id": "803",
    "client_name": "Pannier",
    "client_users": 8
    },
    {
    "client_id": "804",
    "client_name": "Zontrax",
    "client_users": 8287
    }
    ],
    "product_name": "Lotstring",
    "product_desc": "Curabitur gravida nisi at nibh. In hac habitasse platea dictumst. Aliquam augue quam, sollicitudin vitae, consectetuer eget, rutrum at, lorem.",
    "no_of_users": 33390,
    "country": [
    "Sweden",
    "Kazakhstan",
    "Thailand",
    "Bolivia"
    ],
    "revenue": [
    {
    "product_year": 2003,
    "product_revenue": 21
    },
    {
    "product_year": 2004,
    "product_revenue": 37
    },
    {
    "product_year": 2005,
    "product_revenue": 60
    }
    ]
    },
    {
    "product_id": 9,
    "client": [
    {
    "client_id": "901",
    "client_name": "Voyatouch",
    "client_users": 3
    },
    {
    "client_id": "902",
    "client_name": "Gembucket",
    "client_users": 9
    },
    {
    "client_id": "903",
    "client_name": "Gembucket",
    "client_users": 7704
    },
    {
    "client_id": "904",
    "client_name": "Tresom",
    "client_users": 17
    }
    ],
    "product_name": "Gembucket",
    "product_desc": "Nulla ut erat id mauris vulputate elementum. Nullam varius. Nulla facilisi.",
    "no_of_users": 7733,
    "country": [
    "Thailand",
    "Japan",
    "Azerbaijan",
    "Lebanon"
    ],
    "revenue": [
    {
    "product_year": 2003,
    "product_revenue": 36
    },
    {
    "product_year": 2004,
    "product_revenue": 51
    },
    {
    "product_year": 2005,
    "product_revenue": 66
    }
    ]
    },
    {
    "product_id": 10,
    "client": [
    {
    "client_id": "1001",
    "client_name": "Otcom",
    "client_users": 5
    },
    {
    "client_id": "1002",
    "client_name": "Zoolab",
    "client_users": 18
    },
    {
    "client_id": "1003",
    "client_name": "Bamity",
    "client_users": 842
    },
    {
    "client_id": "1004",
    "client_name": "Opela",
    "client_users": 551
    }
    ],
    "product_name": "Hatity",
    "product_desc": "Phasellus sit amet erat. Nulla tempus. Vivamus in felis eu sapien cursus vestibulum.",
    "no_of_users": 1416,
    "country": [
    "Ukraine",
    "Morocco",
    "Cuba",
    "Kenya"
    ],
    "revenue": [
    {
    "product_year": 2003,
    "product_revenue": 38
    },
    {
    "product_year": 2004,
    "product_revenue": 57
    },
    {
    "product_year": 2005,
    "product_revenue": 74
    }
    ]
    }
    ]